-- Kin Canada Clubs Complete Import Script
-- Generated from district1clubs.csv

-- Clear existing data
DELETE FROM clubs;
DELETE FROM zones;
DELETE FROM districts;

-- Insert districts
INSERT INTO districts (id, name, province) VALUES ('b0ff2b90-4594-4f2e-9a23-30cacb7a06e5', 'District 1', 'Ontario');
INSERT INTO districts (id, name, province) VALUES ('2e5fbe5f-524f-420b-ac99-b770c3c287e2', 'District 2', 'Ontario');

-- Insert zones
INSERT INTO zones (id, name, district_id, zone_letter) VALUES ('14255605-3ca2-41d5-a958-f06ed4cffe44', 'Zone A', 'b0ff2b90-4594-4f2e-9a23-30cacb7a06e5', 'A');
INSERT INTO zones (id, name, district_id, zone_letter) VALUES ('fe791788-884d-490a-82aa-7b9d97b50a4b', 'Zone B', 'b0ff2b90-4594-4f2e-9a23-30cacb7a06e5', 'B');
INSERT INTO zones (id, name, district_id, zone_letter) VALUES ('bd2cd8d3-4838-4c8b-95dc-368379c24a21', 'Zone C', 'b0ff2b90-4594-4f2e-9a23-30cacb7a06e5', 'C');
INSERT INTO zones (id, name, district_id, zone_letter) VALUES ('88328cd1-fde2-4988-b9b9-cf1312db50e8', 'Zone D', 'b0ff2b90-4594-4f2e-9a23-30cacb7a06e5', 'D');
INSERT INTO zones (id, name, district_id, zone_letter) VALUES ('822243d3-b59d-459f-a66b-e2c73ecce550', 'Zone F', 'b0ff2b90-4594-4f2e-9a23-30cacb7a06e5', 'F');
INSERT INTO zones (id, name, district_id, zone_letter) VALUES ('4deda6c5-d87e-453e-af0c-6db8d80e7ebe', 'Zone G', 'b0ff2b90-4594-4f2e-9a23-30cacb7a06e5', 'G');
INSERT INTO zones (id, name, district_id, zone_letter) VALUES ('3d368380-d710-4277-b37e-3eaedc0db73c', 'Zone H', 'b0ff2b90-4594-4f2e-9a23-30cacb7a06e5', 'H');
INSERT INTO zones (id, name, district_id, zone_letter) VALUES ('582526dc-5591-4358-a002-b679069ebd71', 'Zone J', 'b0ff2b90-4594-4f2e-9a23-30cacb7a06e5', 'J');
INSERT INTO zones (id, name, district_id, zone_letter) VALUES ('528cef31-547b-42b0-964e-c3f7b9f6a5df', 'Zone K', 'b0ff2b90-4594-4f2e-9a23-30cacb7a06e5', 'K');
INSERT INTO zones (id, name, district_id, zone_letter) VALUES ('afe6cc82-9b8e-4008-8237-53ceeee5ca79', 'Zone A', '2e5fbe5f-524f-420b-ac99-b770c3c287e2', 'A');
INSERT INTO zones (id, name, district_id, zone_letter) VALUES ('ad28fff4-a398-419b-818f-5a517c4e5230', 'Zone B', '2e5fbe5f-524f-420b-ac99-b770c3c287e2', 'B');
INSERT INTO zones (id, name, district_id, zone_letter) VALUES ('31f8618e-f33d-48ff-b409-3228e70b81d3', 'Zone C', '2e5fbe5f-524f-420b-ac99-b770c3c287e2', 'C');
INSERT INTO zones (id, name, district_id, zone_letter) VALUES ('4ba226b4-7f68-4101-b4cc-e155b4a25df8', 'Zone D', '2e5fbe5f-524f-420b-ac99-b770c3c287e2', 'D');
INSERT INTO zones (id, name, district_id, zone_letter) VALUES ('e8ecce70-4fe6-41ed-afc6-d7bb0bac0c97', 'Zone E', '2e5fbe5f-524f-420b-ac99-b770c3c287e2', 'E');
INSERT INTO zones (id, name, district_id, zone_letter) VALUES ('c3e28bcd-6c2d-43d7-b547-4793b67a9c1f', 'Zone F', '2e5fbe5f-524f-420b-ac99-b770c3c287e2', 'F');
INSERT INTO zones (id, name, district_id, zone_letter) VALUES ('bd0735a1-6700-4e79-ba37-8b38a01a3064', 'Zone G', '2e5fbe5f-524f-420b-ac99-b770c3c287e2', 'G');

-- Insert clubs
INSERT INTO clubs (id, name, city, club_type, zone_id, district_id) VALUES ('e854c5ef-a169-404a-99a9-1f171262bd61', 'Kinsmen Club of Brantford', 'Brantford', 'Kinsmen', '14255605-3ca2-41d5-a958-f06ed4cffe44', 'b0ff2b90-4594-4f2e-9a23-30cacb7a06e5');
INSERT INTO clubs (id, name, city, club_type, zone_id, district_id) VALUES ('7d12bc56-ce43-4798-9373-9f64d771fa7f', 'Kin Club of Cambridge (Preston)', 'Cambridge (Preston)', 'Kin', '14255605-3ca2-41d5-a958-f06ed4cffe44', 'b0ff2b90-4594-4f2e-9a23-30cacb7a06e5');
INSERT INTO clubs (id, name, city, club_type, zone_id, district_id) VALUES ('d9baec06-7779-4469-8088-b94378c5afb8', 'Flamborough & District Kin Club', 'Flamborough & District', 'Kin', '14255605-3ca2-41d5-a958-f06ed4cffe44', 'b0ff2b90-4594-4f2e-9a23-30cacb7a06e5');
INSERT INTO clubs (id, name, city, club_type, zone_id, district_id) VALUES ('04613125-c71b-49a0-bac0-87bce70033de', 'Kinette Club of Guelph', 'Guelph', 'Kinette', '14255605-3ca2-41d5-a958-f06ed4cffe44', 'b0ff2b90-4594-4f2e-9a23-30cacb7a06e5');
INSERT INTO clubs (id, name, city, club_type, zone_id, district_id) VALUES ('a696de0b-f3ec-4a77-8a29-74b508181e74', 'Kinsmen Club of Hamilton', 'Hamilton', 'Kinsmen', '14255605-3ca2-41d5-a958-f06ed4cffe44', 'b0ff2b90-4594-4f2e-9a23-30cacb7a06e5');
INSERT INTO clubs (id, name, city, club_type, zone_id, district_id) VALUES ('bd5f18fc-8328-4fda-8531-d5edfb164e9e', 'Kinette Club of Kitchener-Waterloo', 'Kitchener-Waterloo', 'Kinette', '14255605-3ca2-41d5-a958-f06ed4cffe44', 'b0ff2b90-4594-4f2e-9a23-30cacb7a06e5');
INSERT INTO clubs (id, name, city, club_type, zone_id, district_id) VALUES ('bde01859-53c2-4691-bc18-7408aae1d57e', 'Kinsmen Club of Kitchener-Waterloo', 'Kitchener-Waterloo', 'Kinsmen', '14255605-3ca2-41d5-a958-f06ed4cffe44', 'b0ff2b90-4594-4f2e-9a23-30cacb7a06e5');
INSERT INTO clubs (id, name, city, club_type, zone_id, district_id) VALUES ('1ac7000f-b21a-48e8-bb4c-bd0fb7f88786', 'Kinsmen Club of Oakville', 'Oakville', 'Kinsmen', '14255605-3ca2-41d5-a958-f06ed4cffe44', 'b0ff2b90-4594-4f2e-9a23-30cacb7a06e5');
INSERT INTO clubs (id, name, city, club_type, zone_id, district_id) VALUES ('8a79cd6e-3336-4d82-96b9-2be98b81da14', 'Kinsmen Club of Stoney Creek', 'Stoney Creek', 'Kinsmen', '14255605-3ca2-41d5-a958-f06ed4cffe44', 'b0ff2b90-4594-4f2e-9a23-30cacb7a06e5');
INSERT INTO clubs (id, name, city, club_type, zone_id, district_id) VALUES ('69546742-4398-4784-8d45-0320a49d2b1d', 'Kinsmen Club of Waterloo – Grand River', 'Waterloo (Grand River)', 'Kinsmen', '14255605-3ca2-41d5-a958-f06ed4cffe44', 'b0ff2b90-4594-4f2e-9a23-30cacb7a06e5');
INSERT INTO clubs (id, name, city, club_type, zone_id, district_id) VALUES ('ebbd4fbc-dc71-4a94-85bb-a85b26069834', 'Kinsmen Club of Belgrave', 'Belgrave', 'Kinsmen', 'fe791788-884d-490a-82aa-7b9d97b50a4b', 'b0ff2b90-4594-4f2e-9a23-30cacb7a06e5');
INSERT INTO clubs (id, name, city, club_type, zone_id, district_id) VALUES ('320fa176-f0f3-45da-9af2-6ce48b13c164', 'Kinette Club of Centre Wellington', 'Centre Wellington', 'Kinette', 'fe791788-884d-490a-82aa-7b9d97b50a4b', 'b0ff2b90-4594-4f2e-9a23-30cacb7a06e5');
INSERT INTO clubs (id, name, city, club_type, zone_id, district_id) VALUES ('80287877-ea3f-4a68-bab2-18775ab61c72', 'Kinette Club of Drayton', 'Drayton', 'Kinette', 'fe791788-884d-490a-82aa-7b9d97b50a4b', 'b0ff2b90-4594-4f2e-9a23-30cacb7a06e5');
INSERT INTO clubs (id, name, city, club_type, zone_id, district_id) VALUES ('4a3b8965-245e-47d8-bdd1-f6e5098c87b3', 'Drayton Kinsmen Club', 'Drayton', 'Kinsmen', 'fe791788-884d-490a-82aa-7b9d97b50a4b', 'b0ff2b90-4594-4f2e-9a23-30cacb7a06e5');
INSERT INTO clubs (id, name, city, club_type, zone_id, district_id) VALUES ('a29f0dfe-335b-45e0-b97e-8f844e9e32e6', 'Kinsmen Club of Fergus & District', 'Fergus & District', 'Kinsmen', 'fe791788-884d-490a-82aa-7b9d97b50a4b', 'b0ff2b90-4594-4f2e-9a23-30cacb7a06e5');
INSERT INTO clubs (id, name, city, club_type, zone_id, district_id) VALUES ('ca569b06-2b9c-4239-84fa-e36396054480', 'Kinsmen Club of Harriston', 'Harriston', 'Kinsmen', 'fe791788-884d-490a-82aa-7b9d97b50a4b', 'b0ff2b90-4594-4f2e-9a23-30cacb7a06e5');
INSERT INTO clubs (id, name, city, club_type, zone_id, district_id) VALUES ('a418b9da-e7c5-4961-9eaa-2da00e83081c', 'Kinette Club of Listowel', 'Listowel', 'Kinette', 'fe791788-884d-490a-82aa-7b9d97b50a4b', 'b0ff2b90-4594-4f2e-9a23-30cacb7a06e5');
INSERT INTO clubs (id, name, city, club_type, zone_id, district_id) VALUES ('dedf9c2f-5c35-44ed-b7d8-81234d66fe92', 'Kinsmen Club of Listowel', 'Listowel', 'Kinsmen', 'fe791788-884d-490a-82aa-7b9d97b50a4b', 'b0ff2b90-4594-4f2e-9a23-30cacb7a06e5');
INSERT INTO clubs (id, name, city, club_type, zone_id, district_id) VALUES ('fd29aa9c-3b44-4eae-a8d0-0d0644c2982d', 'Kinette Club of Lucknow & District', 'Lucknow & District', 'Kinette', 'fe791788-884d-490a-82aa-7b9d97b50a4b', 'b0ff2b90-4594-4f2e-9a23-30cacb7a06e5');
INSERT INTO clubs (id, name, city, club_type, zone_id, district_id) VALUES ('a672b700-2bf1-4fe4-ac34-19211f07fb79', 'Kinsmen Club of Lucknow & District', 'Lucknow & District', 'Kinsmen', 'fe791788-884d-490a-82aa-7b9d97b50a4b', 'b0ff2b90-4594-4f2e-9a23-30cacb7a06e5');
INSERT INTO clubs (id, name, city, club_type, zone_id, district_id) VALUES ('dba676af-1e06-4925-8d37-77851e7669ee', 'Kinsmen Club of Monkton & District', 'Monkton & District', 'Kinsmen', 'fe791788-884d-490a-82aa-7b9d97b50a4b', 'b0ff2b90-4594-4f2e-9a23-30cacb7a06e5');
INSERT INTO clubs (id, name, city, club_type, zone_id, district_id) VALUES ('738e2a70-d196-40bf-84c4-f8571abc7e61', 'Kinette Club of Palmerston & District', 'Palmerston & District', 'Kinette', 'fe791788-884d-490a-82aa-7b9d97b50a4b', 'b0ff2b90-4594-4f2e-9a23-30cacb7a06e5');
INSERT INTO clubs (id, name, city, club_type, zone_id, district_id) VALUES ('4f82ec79-6e03-41ac-a2f1-095a969029e6', 'Kinette Club of Beaver Valley', 'Beaver Valley', 'Kinette', 'bd2cd8d3-4838-4c8b-95dc-368379c24a21', 'b0ff2b90-4594-4f2e-9a23-30cacb7a06e5');
INSERT INTO clubs (id, name, city, club_type, zone_id, district_id) VALUES ('91c25f50-1773-47ff-b68d-62e498721a52', 'Clearview Kin Club', 'Clearview', 'Kin', 'bd2cd8d3-4838-4c8b-95dc-368379c24a21', 'b0ff2b90-4594-4f2e-9a23-30cacb7a06e5');
INSERT INTO clubs (id, name, city, club_type, zone_id, district_id) VALUES ('4f6b3b8e-2390-460b-b8cc-674e3f5a7dfd', 'Collingwood & District Kinsmen Club', 'Collingwood & District', 'Kinsmen', 'bd2cd8d3-4838-4c8b-95dc-368379c24a21', 'b0ff2b90-4594-4f2e-9a23-30cacb7a06e5');
INSERT INTO clubs (id, name, city, club_type, zone_id, district_id) VALUES ('fe39a8b7-4c0f-4238-8eac-52bd98cd77e2', 'Kinsmen Club of Feversham & District', 'Feversham & District', 'Kinsmen', 'bd2cd8d3-4838-4c8b-95dc-368379c24a21', 'b0ff2b90-4594-4f2e-9a23-30cacb7a06e5');
INSERT INTO clubs (id, name, city, club_type, zone_id, district_id) VALUES ('2874ea80-5cce-4be4-b5a7-07c993fd18cc', 'Kinette Club of Meaford', 'Meaford', 'Kinette', 'bd2cd8d3-4838-4c8b-95dc-368379c24a21', 'b0ff2b90-4594-4f2e-9a23-30cacb7a06e5');
INSERT INTO clubs (id, name, city, club_type, zone_id, district_id) VALUES ('ac18fae4-89b8-4145-a96a-d1575dd8b5ab', 'Kinsmen Club of Meaford', 'Meaford', 'Kinsmen', 'bd2cd8d3-4838-4c8b-95dc-368379c24a21', 'b0ff2b90-4594-4f2e-9a23-30cacb7a06e5');
INSERT INTO clubs (id, name, city, club_type, zone_id, district_id) VALUES ('2afe98d9-0ade-449e-b715-faf5110f2f15', 'Kinette Club of Shelburne', 'Shelburne', 'Kinette', 'bd2cd8d3-4838-4c8b-95dc-368379c24a21', 'b0ff2b90-4594-4f2e-9a23-30cacb7a06e5');
INSERT INTO clubs (id, name, city, club_type, zone_id, district_id) VALUES ('f3c8c327-0123-4f25-a205-08563d7a2f9a', 'Kinsmen Club of Shelburne', 'Shelburne', 'Kinsmen', 'bd2cd8d3-4838-4c8b-95dc-368379c24a21', 'b0ff2b90-4594-4f2e-9a23-30cacb7a06e5');
INSERT INTO clubs (id, name, city, club_type, zone_id, district_id) VALUES ('2c65fd10-06bd-4bb5-b53d-a500edd50a1d', 'Kinsmen Club of Stayner & District', 'Stayner & District', 'Kinsmen', 'bd2cd8d3-4838-4c8b-95dc-368379c24a21', 'b0ff2b90-4594-4f2e-9a23-30cacb7a06e5');
INSERT INTO clubs (id, name, city, club_type, zone_id, district_id) VALUES ('000655ca-a7d4-41f4-bbf0-b8e3b49fcea7', 'Kinette Club of Wasaga Beach', 'Wasaga Beach', 'Kinette', 'bd2cd8d3-4838-4c8b-95dc-368379c24a21', 'b0ff2b90-4594-4f2e-9a23-30cacb7a06e5');
INSERT INTO clubs (id, name, city, club_type, zone_id, district_id) VALUES ('70722c6d-7cf6-4449-a2cc-0ce0753511b6', 'Kinsmen Club of Cayuga', 'Cayuga', 'Kinsmen', '88328cd1-fde2-4988-b9b9-cf1312db50e8', 'b0ff2b90-4594-4f2e-9a23-30cacb7a06e5');
INSERT INTO clubs (id, name, city, club_type, zone_id, district_id) VALUES ('5d2f87c6-0334-4866-a4c4-858e988afa7f', 'Fonthill And District Kinsmen Club', 'Fonthill & District', 'Kinsmen', '88328cd1-fde2-4988-b9b9-cf1312db50e8', 'b0ff2b90-4594-4f2e-9a23-30cacb7a06e5');
INSERT INTO clubs (id, name, city, club_type, zone_id, district_id) VALUES ('a825d5bc-8d73-4e8b-8271-78bd6e97eae7', 'Kinette Club of Fort Erie', 'Fort Erie', 'Kinette', '88328cd1-fde2-4988-b9b9-cf1312db50e8', 'b0ff2b90-4594-4f2e-9a23-30cacb7a06e5');
INSERT INTO clubs (id, name, city, club_type, zone_id, district_id) VALUES ('f45a425b-622f-4896-8f55-8cebea811002', 'Kinsmen Club of Fort Erie', 'Fort Erie', 'Kinsmen', '88328cd1-fde2-4988-b9b9-cf1312db50e8', 'b0ff2b90-4594-4f2e-9a23-30cacb7a06e5');
INSERT INTO clubs (id, name, city, club_type, zone_id, district_id) VALUES ('074b0f3d-331a-46f6-acc4-5d341f94db69', 'Kinette Club of Grimsby', 'Grimsby', 'Kinette', '88328cd1-fde2-4988-b9b9-cf1312db50e8', 'b0ff2b90-4594-4f2e-9a23-30cacb7a06e5');
INSERT INTO clubs (id, name, city, club_type, zone_id, district_id) VALUES ('bfec6684-a33e-43de-a083-3939ecb9e608', 'Kinsmen Club of Niagara-on-the-Lake', 'Niagara-on-the-Lake', 'Kinsmen', '88328cd1-fde2-4988-b9b9-cf1312db50e8', 'b0ff2b90-4594-4f2e-9a23-30cacb7a06e5');
INSERT INTO clubs (id, name, city, club_type, zone_id, district_id) VALUES ('6f5a3f91-f4de-4855-825a-406ae003363d', 'Kin Club of Ridgeway - Crystal Beach', 'Ridgeway - Crystal Beach', 'Kin', '88328cd1-fde2-4988-b9b9-cf1312db50e8', 'b0ff2b90-4594-4f2e-9a23-30cacb7a06e5');
INSERT INTO clubs (id, name, city, club_type, zone_id, district_id) VALUES ('9bf09ff2-6cca-4703-9f91-3c2df7ca4d72', 'Kinette Club of Stevensville', 'Stevensville', 'Kinette', '88328cd1-fde2-4988-b9b9-cf1312db50e8', 'b0ff2b90-4594-4f2e-9a23-30cacb7a06e5');
INSERT INTO clubs (id, name, city, club_type, zone_id, district_id) VALUES ('969fa9f9-5c44-4338-886a-a1aa90406a8c', 'Kinsmen Club of Stevensville', 'Stevensville', 'Kinsmen', '88328cd1-fde2-4988-b9b9-cf1312db50e8', 'b0ff2b90-4594-4f2e-9a23-30cacb7a06e5');
INSERT INTO clubs (id, name, city, club_type, zone_id, district_id) VALUES ('49c344b8-3631-45ea-94b0-21c240b14a9d', 'Kinsmen Club of Aylmer', 'Aylmer', 'Kinsmen', '822243d3-b59d-459f-a66b-e2c73ecce550', 'b0ff2b90-4594-4f2e-9a23-30cacb7a06e5');
INSERT INTO clubs (id, name, city, club_type, zone_id, district_id) VALUES ('aba7f760-2c57-48db-b326-745639b9fd5b', 'Kin Club of Delhi', 'Delhi', 'Kin', '822243d3-b59d-459f-a66b-e2c73ecce550', 'b0ff2b90-4594-4f2e-9a23-30cacb7a06e5');
INSERT INTO clubs (id, name, city, club_type, zone_id, district_id) VALUES ('7dee126b-5046-4f24-9ab4-af2d6dc66409', 'Kinsmen Club of Dorchester & Area', 'Dorchester & Area', 'Kinsmen', '822243d3-b59d-459f-a66b-e2c73ecce550', 'b0ff2b90-4594-4f2e-9a23-30cacb7a06e5');
INSERT INTO clubs (id, name, city, club_type, zone_id, district_id) VALUES ('4f4f478a-5e57-4f6d-9128-a35cce3d8435', 'Kinsmen Club of Greater London', 'Greater London', 'Kinsmen', '822243d3-b59d-459f-a66b-e2c73ecce550', 'b0ff2b90-4594-4f2e-9a23-30cacb7a06e5');
INSERT INTO clubs (id, name, city, club_type, zone_id, district_id) VALUES ('42a4630a-7337-4f66-acf6-733eff07c2f3', 'Kinsmen Club of Port Dover', 'Port Dover', 'Kinsmen', '822243d3-b59d-459f-a66b-e2c73ecce550', 'b0ff2b90-4594-4f2e-9a23-30cacb7a06e5');
INSERT INTO clubs (id, name, city, club_type, zone_id, district_id) VALUES ('5e2273e8-7414-428e-afd2-c4c4c2b69609', 'Kinsmen Club of Simcoe', 'Simcoe', 'Kinsmen', '822243d3-b59d-459f-a66b-e2c73ecce550', 'b0ff2b90-4594-4f2e-9a23-30cacb7a06e5');
INSERT INTO clubs (id, name, city, club_type, zone_id, district_id) VALUES ('11af46d1-fefb-4b8b-b984-2de4e9ae3f7f', 'Kinette Club of Elgin - St. Thomas', 'Elgin - St. Thomas', 'Kinette', '822243d3-b59d-459f-a66b-e2c73ecce550', 'b0ff2b90-4594-4f2e-9a23-30cacb7a06e5');
INSERT INTO clubs (id, name, city, club_type, zone_id, district_id) VALUES ('6ade4afc-ad69-4d81-9871-2ad1df3ace7a', 'Kinsmen Club of St. Thomas', 'St. Thomas', 'Kinsmen', '822243d3-b59d-459f-a66b-e2c73ecce550', 'b0ff2b90-4594-4f2e-9a23-30cacb7a06e5');
INSERT INTO clubs (id, name, city, club_type, zone_id, district_id) VALUES ('7511d8ba-37bc-4567-bc09-30e9b79ba1b5', 'Kinette Club of Tillsonburg', 'Tillsonburg', 'Kinette', '822243d3-b59d-459f-a66b-e2c73ecce550', 'b0ff2b90-4594-4f2e-9a23-30cacb7a06e5');
INSERT INTO clubs (id, name, city, club_type, zone_id, district_id) VALUES ('4afcc5ad-e354-4cf0-9d6b-c211b940eb5e', 'Kinsmen Club of Tillsonburg', 'Tillsonburg', 'Kinsmen', '822243d3-b59d-459f-a66b-e2c73ecce550', 'b0ff2b90-4594-4f2e-9a23-30cacb7a06e5');
INSERT INTO clubs (id, name, city, club_type, zone_id, district_id) VALUES ('31f27b36-0e7a-40ba-b267-66661526e556', 'Kinsmen Club of Blenheim', 'Blenheim', 'Kinsmen', '4deda6c5-d87e-453e-af0c-6db8d80e7ebe', 'b0ff2b90-4594-4f2e-9a23-30cacb7a06e5');
INSERT INTO clubs (id, name, city, club_type, zone_id, district_id) VALUES ('c61e68ee-b30a-4fc6-ae17-d9f8db163068', 'Kinsmen Club of Chatham', 'Chatham', 'Kinsmen', '4deda6c5-d87e-453e-af0c-6db8d80e7ebe', 'b0ff2b90-4594-4f2e-9a23-30cacb7a06e5');
INSERT INTO clubs (id, name, city, club_type, zone_id, district_id) VALUES ('6f8ba670-e85c-479e-bd5c-d269da5ab2ff', 'Kinsmen Club of Dover', 'Dover', 'Kinsmen', '4deda6c5-d87e-453e-af0c-6db8d80e7ebe', 'b0ff2b90-4594-4f2e-9a23-30cacb7a06e5');
INSERT INTO clubs (id, name, city, club_type, zone_id, district_id) VALUES ('c80a83a6-4e50-465b-836c-d934d8dac909', 'Kinsmen Club of Dresden', 'Dresden', 'Kinsmen', '4deda6c5-d87e-453e-af0c-6db8d80e7ebe', 'b0ff2b90-4594-4f2e-9a23-30cacb7a06e5');
INSERT INTO clubs (id, name, city, club_type, zone_id, district_id) VALUES ('c9be4521-b2e7-4c3a-81e2-0fb06fd8fefc', 'Kinsmen Club of Merlin & Area', 'Merlin & Area', 'Kinsmen', '4deda6c5-d87e-453e-af0c-6db8d80e7ebe', 'b0ff2b90-4594-4f2e-9a23-30cacb7a06e5');
INSERT INTO clubs (id, name, city, club_type, zone_id, district_id) VALUES ('f4b8998c-118d-441b-849f-c660ad41147a', 'Kinsmen Club of Sarnia', 'Sarnia', 'Kinsmen', '4deda6c5-d87e-453e-af0c-6db8d80e7ebe', 'b0ff2b90-4594-4f2e-9a23-30cacb7a06e5');
INSERT INTO clubs (id, name, city, club_type, zone_id, district_id) VALUES ('c625e9b1-fa86-417c-9e28-9802a0c74daa', 'Kinsmen Club of Tilbury & District', 'Tilbury & District', 'Kinsmen', '4deda6c5-d87e-453e-af0c-6db8d80e7ebe', 'b0ff2b90-4594-4f2e-9a23-30cacb7a06e5');
INSERT INTO clubs (id, name, city, club_type, zone_id, district_id) VALUES ('fd80fa97-6945-4056-bdc1-0da5e11d5883', 'Kinsmen Club of Wallaceburg', 'Wallaceburg', 'Kinsmen', '4deda6c5-d87e-453e-af0c-6db8d80e7ebe', 'b0ff2b90-4594-4f2e-9a23-30cacb7a06e5');
INSERT INTO clubs (id, name, city, club_type, zone_id, district_id) VALUES ('808eaf71-d71d-4c77-af2c-096d9e2a71b9', 'Kinsmen Club of Harrow', 'Harrow', 'Kinsmen', '3d368380-d710-4277-b37e-3eaedc0db73c', 'b0ff2b90-4594-4f2e-9a23-30cacb7a06e5');
INSERT INTO clubs (id, name, city, club_type, zone_id, district_id) VALUES ('a29623dd-500e-4903-afce-d899ad5dca0d', 'Kinsmen Club of Leamington', 'Leamington', 'Kinsmen', '3d368380-d710-4277-b37e-3eaedc0db73c', 'b0ff2b90-4594-4f2e-9a23-30cacb7a06e5');
INSERT INTO clubs (id, name, city, club_type, zone_id, district_id) VALUES ('7c9e224c-bee4-4f4e-8010-b65f6d789ade', 'Kin Club of Windsor', 'Windsor', 'Kin', '3d368380-d710-4277-b37e-3eaedc0db73c', 'b0ff2b90-4594-4f2e-9a23-30cacb7a06e5');
INSERT INTO clubs (id, name, city, club_type, zone_id, district_id) VALUES ('a409763c-d69b-41ee-9600-7515fd404919', 'Kinette Club of Chesley', 'Chesley', 'Kinette', '582526dc-5591-4358-a002-b679069ebd71', 'b0ff2b90-4594-4f2e-9a23-30cacb7a06e5');
INSERT INTO clubs (id, name, city, club_type, zone_id, district_id) VALUES ('acd60235-b6c2-4f4a-b352-5c2b309f1e0d', 'Kinsmen Club of Chesley', 'Chesley', 'Kinsmen', '582526dc-5591-4358-a002-b679069ebd71', 'b0ff2b90-4594-4f2e-9a23-30cacb7a06e5');
INSERT INTO clubs (id, name, city, club_type, zone_id, district_id) VALUES ('080cca52-cd64-4348-9d10-0fe66563d751', 'Kinsmen Club of Teeswater & District', 'Teeswater & District', 'Kinsmen', '582526dc-5591-4358-a002-b679069ebd71', 'b0ff2b90-4594-4f2e-9a23-30cacb7a06e5');
INSERT INTO clubs (id, name, city, club_type, zone_id, district_id) VALUES ('07f9d2f2-370d-46d8-a7e3-b29cc4465b4d', 'Kinette Club of Walkerton', 'Walkerton', 'Kinette', '582526dc-5591-4358-a002-b679069ebd71', 'b0ff2b90-4594-4f2e-9a23-30cacb7a06e5');
INSERT INTO clubs (id, name, city, club_type, zone_id, district_id) VALUES ('a1075532-aa0c-409e-9116-70d937b592ef', 'Kinsmen Club of Walkerton', 'Walkerton', 'Kinsmen', '582526dc-5591-4358-a002-b679069ebd71', 'b0ff2b90-4594-4f2e-9a23-30cacb7a06e5');
INSERT INTO clubs (id, name, city, club_type, zone_id, district_id) VALUES ('bc6e68cd-a968-4f91-96a9-d061cd360a81', 'Kinette Club of Clinton & District', 'Clinton & District', 'Kinette', '528cef31-547b-42b0-964e-c3f7b9f6a5df', 'b0ff2b90-4594-4f2e-9a23-30cacb7a06e5');
INSERT INTO clubs (id, name, city, club_type, zone_id, district_id) VALUES ('8dad9f9a-063f-4a96-8651-23f3f9132b96', 'Kinsmen Club of Clinton & District', 'Clinton & District', 'Kinsmen', '528cef31-547b-42b0-964e-c3f7b9f6a5df', 'b0ff2b90-4594-4f2e-9a23-30cacb7a06e5');
INSERT INTO clubs (id, name, city, club_type, zone_id, district_id) VALUES ('f3cb57d2-9608-4625-837b-73c284f92505', 'Kinette Club of Goderich', 'Goderich', 'Kinette', '528cef31-547b-42b0-964e-c3f7b9f6a5df', 'b0ff2b90-4594-4f2e-9a23-30cacb7a06e5');
INSERT INTO clubs (id, name, city, club_type, zone_id, district_id) VALUES ('2330024a-adf4-4353-a24c-1d72757c326e', 'Kinsmen Club of Goderich', 'Goderich', 'Kinsmen', '528cef31-547b-42b0-964e-c3f7b9f6a5df', 'b0ff2b90-4594-4f2e-9a23-30cacb7a06e5');
INSERT INTO clubs (id, name, city, club_type, zone_id, district_id) VALUES ('88501d20-6d4c-422e-966f-090e313bfa7f', 'Kinette Club of Hensall & District', 'Hensall & District', 'Kinette', '528cef31-547b-42b0-964e-c3f7b9f6a5df', 'b0ff2b90-4594-4f2e-9a23-30cacb7a06e5');
INSERT INTO clubs (id, name, city, club_type, zone_id, district_id) VALUES ('0db5b8c8-da8f-48fa-96df-932bc01be2a4', 'Kinsmen Club of Hensall & District', 'Hensall & District', 'Kinsmen', '528cef31-547b-42b0-964e-c3f7b9f6a5df', 'b0ff2b90-4594-4f2e-9a23-30cacb7a06e5');
INSERT INTO clubs (id, name, city, club_type, zone_id, district_id) VALUES ('509ebf9b-8417-418c-bb79-88bf69d2fbf3', 'Kin Club of Mitchell & Area', 'Mitchell & Area', 'Kin', '528cef31-547b-42b0-964e-c3f7b9f6a5df', 'b0ff2b90-4594-4f2e-9a23-30cacb7a06e5');
INSERT INTO clubs (id, name, city, club_type, zone_id, district_id) VALUES ('6bce2eee-c7a4-49a9-ab90-d47743a44aba', 'Kinette Club of St. Marys', 'St. Marys', 'Kinette', '528cef31-547b-42b0-964e-c3f7b9f6a5df', 'b0ff2b90-4594-4f2e-9a23-30cacb7a06e5');
INSERT INTO clubs (id, name, city, club_type, zone_id, district_id) VALUES ('b1cc30e6-b073-4c86-8a90-7a1324af91ef', 'Kinsmen Club of St. Marys', 'St. Marys', 'Kinsmen', '528cef31-547b-42b0-964e-c3f7b9f6a5df', 'b0ff2b90-4594-4f2e-9a23-30cacb7a06e5');
INSERT INTO clubs (id, name, city, club_type, zone_id, district_id) VALUES ('43a00a0c-97fb-401a-9192-1e773d2f1afa', 'Kinsmen Club of Stratford', 'Stratford', 'Kinsmen', '528cef31-547b-42b0-964e-c3f7b9f6a5df', 'b0ff2b90-4594-4f2e-9a23-30cacb7a06e5');
INSERT INTO clubs (id, name, city, club_type, zone_id, district_id) VALUES ('6eab5273-1f71-442c-b0a7-607955852c45', 'Flin Flon Kinette Club', 'Flin Flon', 'Kinette', 'afe6cc82-9b8e-4008-8237-53ceeee5ca79', '2e5fbe5f-524f-420b-ac99-b770c3c287e2');
INSERT INTO clubs (id, name, city, club_type, zone_id, district_id) VALUES ('8f27082f-acca-499b-9b91-9c66b8b085a8', 'Flin Flon Kinsmen Club', 'Flin Flon', 'Kinsmen', 'afe6cc82-9b8e-4008-8237-53ceeee5ca79', '2e5fbe5f-524f-420b-ac99-b770c3c287e2');
INSERT INTO clubs (id, name, city, club_type, zone_id, district_id) VALUES ('05d24ad0-9540-42d5-b318-2b8622b2566d', 'The Pas Kinette Club', 'The Pas', 'Kinette', 'afe6cc82-9b8e-4008-8237-53ceeee5ca79', '2e5fbe5f-524f-420b-ac99-b770c3c287e2');
INSERT INTO clubs (id, name, city, club_type, zone_id, district_id) VALUES ('bf9e6f70-65e2-4c1b-b75e-e3bd16f818ac', 'The Pas Kinsmen Club', 'The Pas', 'Kinsmen', 'afe6cc82-9b8e-4008-8237-53ceeee5ca79', '2e5fbe5f-524f-420b-ac99-b770c3c287e2');
INSERT INTO clubs (id, name, city, club_type, zone_id, district_id) VALUES ('13b5f76b-4476-4ffc-9bed-7f217755889b', 'Thompson Kin Club', 'Thompson', 'Kin', 'afe6cc82-9b8e-4008-8237-53ceeee5ca79', '2e5fbe5f-524f-420b-ac99-b770c3c287e2');
INSERT INTO clubs (id, name, city, club_type, zone_id, district_id) VALUES ('80fed449-97d1-4f43-ac30-bb34d4b43267', 'All Saints Kinsmen Club', 'All Saints', 'Kinsmen', 'ad28fff4-a398-419b-818f-5a517c4e5230', '2e5fbe5f-524f-420b-ac99-b770c3c287e2');
INSERT INTO clubs (id, name, city, club_type, zone_id, district_id) VALUES ('483e9a49-0d1d-4340-85f0-97dfeed75d2e', 'Oakbank-Springfield Kinsmen Club', 'Oakbank-Springfield', 'Kinsmen', 'ad28fff4-a398-419b-818f-5a517c4e5230', '2e5fbe5f-524f-420b-ac99-b770c3c287e2');
INSERT INTO clubs (id, name, city, club_type, zone_id, district_id) VALUES ('068f0c78-1189-433e-a4e0-5c993c80242c', 'Stonewall Kinette Club', 'Stonewall', 'Kinette', 'ad28fff4-a398-419b-818f-5a517c4e5230', '2e5fbe5f-524f-420b-ac99-b770c3c287e2');
INSERT INTO clubs (id, name, city, club_type, zone_id, district_id) VALUES ('4e3f8197-b362-41be-a704-2b6932770122', 'Stonewall Kinsmen Club', 'Stonewall', 'Kinsmen', 'ad28fff4-a398-419b-818f-5a517c4e5230', '2e5fbe5f-524f-420b-ac99-b770c3c287e2');
INSERT INTO clubs (id, name, city, club_type, zone_id, district_id) VALUES ('09eddec4-370b-4cdf-972c-8d95ec972f34', 'Winnipeg Kinsmen Club', 'Winnipeg', 'Kinsmen', 'ad28fff4-a398-419b-818f-5a517c4e5230', '2e5fbe5f-524f-420b-ac99-b770c3c287e2');
INSERT INTO clubs (id, name, city, club_type, zone_id, district_id) VALUES ('0637a4a8-d8a9-4bbd-9f6c-ff1ea77fcac0', 'Dryden Kinette Club', 'Dryden', 'Kinette', '31f8618e-f33d-48ff-b409-3228e70b81d3', '2e5fbe5f-524f-420b-ac99-b770c3c287e2');
INSERT INTO clubs (id, name, city, club_type, zone_id, district_id) VALUES ('41e494ee-a888-4d1d-bdea-f719c0b11efb', 'Dryden Kinsmen Club', 'Dryden', 'Kinsmen', '31f8618e-f33d-48ff-b409-3228e70b81d3', '2e5fbe5f-524f-420b-ac99-b770c3c287e2');
INSERT INTO clubs (id, name, city, club_type, zone_id, district_id) VALUES ('1b1e0951-a77b-49ae-bd24-55121cf0c7e4', 'Kenora Kinsmen Club', 'Kenora', 'Kinsmen', '31f8618e-f33d-48ff-b409-3228e70b81d3', '2e5fbe5f-524f-420b-ac99-b770c3c287e2');
INSERT INTO clubs (id, name, city, club_type, zone_id, district_id) VALUES ('015e5ab6-d30f-492a-b7a6-8c368fdb587a', 'Vermilion Bay Kinsmen Club', 'Vermilion Bay', 'Kinsmen', '31f8618e-f33d-48ff-b409-3228e70b81d3', '2e5fbe5f-524f-420b-ac99-b770c3c287e2');
INSERT INTO clubs (id, name, city, club_type, zone_id, district_id) VALUES ('3f6ea643-9baa-4b12-a33b-468bacad7b26', 'Thunder Bay Fort City Kinette Club', 'Thunder Bay – Fort City', 'Kinette', '4ba226b4-7f68-4101-b4cc-e155b4a25df8', '2e5fbe5f-524f-420b-ac99-b770c3c287e2');
INSERT INTO clubs (id, name, city, club_type, zone_id, district_id) VALUES ('fd5dc3dd-7906-4097-9326-c785361dc613', 'Thunder Bay Hill City Kinette Club', 'Thunder Bay – Hill City', 'Kinette', '4ba226b4-7f68-4101-b4cc-e155b4a25df8', '2e5fbe5f-524f-420b-ac99-b770c3c287e2');
INSERT INTO clubs (id, name, city, club_type, zone_id, district_id) VALUES ('c0a84494-131e-4d89-849e-fa860d7af90a', 'Thunder Bay Hill City Kinsmen Club', 'Thunder Bay – Hill City', 'Kinsmen', '4ba226b4-7f68-4101-b4cc-e155b4a25df8', '2e5fbe5f-524f-420b-ac99-b770c3c287e2');
INSERT INTO clubs (id, name, city, club_type, zone_id, district_id) VALUES ('0e8938e0-cb7b-46eb-a340-3b7d0b2a54ba', 'Carman Kinette Club', 'Carman', 'Kinette', 'e8ecce70-4fe6-41ed-afc6-d7bb0bac0c97', '2e5fbe5f-524f-420b-ac99-b770c3c287e2');
INSERT INTO clubs (id, name, city, club_type, zone_id, district_id) VALUES ('906021c9-80de-4d81-9434-1b2e75b4ff2b', 'Gladstone Kinsmen Club', 'Gladstone', 'Kinsmen', 'e8ecce70-4fe6-41ed-afc6-d7bb0bac0c97', '2e5fbe5f-524f-420b-ac99-b770c3c287e2');
INSERT INTO clubs (id, name, city, club_type, zone_id, district_id) VALUES ('3b613f5e-deab-4613-9ad8-b8cae7b0424e', 'MacGregor District Kinette Club', 'MacGregor District', 'Kinette', 'e8ecce70-4fe6-41ed-afc6-d7bb0bac0c97', '2e5fbe5f-524f-420b-ac99-b770c3c287e2');
INSERT INTO clubs (id, name, city, club_type, zone_id, district_id) VALUES ('0e9e7e38-fc69-4f5c-a851-03bca3960dea', 'Manitou Kinsmen Club', 'Manitou', 'Kinsmen', 'e8ecce70-4fe6-41ed-afc6-d7bb0bac0c97', '2e5fbe5f-524f-420b-ac99-b770c3c287e2');
INSERT INTO clubs (id, name, city, club_type, zone_id, district_id) VALUES ('35a9c3b2-b0f6-4b75-b0f7-7b93c3bf123a', 'Pilot Mound Kinsmen Club', 'Pilot Mound', 'Kinsmen', 'e8ecce70-4fe6-41ed-afc6-d7bb0bac0c97', '2e5fbe5f-524f-420b-ac99-b770c3c287e2');
INSERT INTO clubs (id, name, city, club_type, zone_id, district_id) VALUES ('0ed39adb-30b6-4dd8-a9a2-5efbf598081d', 'Treherne Kinette Club', 'Treherne', 'Kinette', 'e8ecce70-4fe6-41ed-afc6-d7bb0bac0c97', '2e5fbe5f-524f-420b-ac99-b770c3c287e2');
INSERT INTO clubs (id, name, city, club_type, zone_id, district_id) VALUES ('a8861c8b-f68e-4ccc-be3d-2a472b914b5d', 'Treherne Kinsmen Club', 'Treherne', 'Kinsmen', 'e8ecce70-4fe6-41ed-afc6-d7bb0bac0c97', '2e5fbe5f-524f-420b-ac99-b770c3c287e2');
INSERT INTO clubs (id, name, city, club_type, zone_id, district_id) VALUES ('4e1ee0bf-0c62-4444-8fc3-50c4b76aa571', 'Boissevain Kinette Club', 'Boissevain', 'Kinette', 'c3e28bcd-6c2d-43d7-b547-4793b67a9c1f', '2e5fbe5f-524f-420b-ac99-b770c3c287e2');
INSERT INTO clubs (id, name, city, club_type, zone_id, district_id) VALUES ('7590a7af-f987-4042-83a6-e16e0e3e4ec9', 'Boissevain Kinsmen Club', 'Boissevain', 'Kinsmen', 'c3e28bcd-6c2d-43d7-b547-4793b67a9c1f', '2e5fbe5f-524f-420b-ac99-b770c3c287e2');
INSERT INTO clubs (id, name, city, club_type, zone_id, district_id) VALUES ('f24a21c1-c76d-41c0-a3ef-546118967833', 'Brandon Kinette Club', 'Brandon', 'Kinette', 'c3e28bcd-6c2d-43d7-b547-4793b67a9c1f', '2e5fbe5f-524f-420b-ac99-b770c3c287e2');
INSERT INTO clubs (id, name, city, club_type, zone_id, district_id) VALUES ('61d8d92b-2e29-4bad-880a-2d25e71afc41', 'Brandon Kinsmen Club', 'Brandon', 'Kinsmen', 'c3e28bcd-6c2d-43d7-b547-4793b67a9c1f', '2e5fbe5f-524f-420b-ac99-b770c3c287e2');
INSERT INTO clubs (id, name, city, club_type, zone_id, district_id) VALUES ('a8ad8dda-5f48-44cc-baa2-57dd35a6f36d', 'Killarney Kinsmen Club', 'Killarney', 'Kinsmen', 'c3e28bcd-6c2d-43d7-b547-4793b67a9c1f', '2e5fbe5f-524f-420b-ac99-b770c3c287e2');
INSERT INTO clubs (id, name, city, club_type, zone_id, district_id) VALUES ('29da2ad7-21aa-4cb8-8e1e-ddfd9839e250', 'Neepawa Kin Club', 'Neepawa', 'Kin', 'c3e28bcd-6c2d-43d7-b547-4793b67a9c1f', '2e5fbe5f-524f-420b-ac99-b770c3c287e2');
INSERT INTO clubs (id, name, city, club_type, zone_id, district_id) VALUES ('b022813c-d285-4058-8dcd-47adfe21413b', 'Dauphin Kin Club', 'Dauphin', 'Kin', 'bd0735a1-6700-4e79-ba37-8b38a01a3064', '2e5fbe5f-524f-420b-ac99-b770c3c287e2');
INSERT INTO clubs (id, name, city, club_type, zone_id, district_id) VALUES ('b76987b0-faab-4008-bc8b-50ba3d40bb24', 'Grandview Kinsmen Club', 'Grandview', 'Kinsmen', 'bd0735a1-6700-4e79-ba37-8b38a01a3064', '2e5fbe5f-524f-420b-ac99-b770c3c287e2');
INSERT INTO clubs (id, name, city, club_type, zone_id, district_id) VALUES ('71bbebcb-2815-4866-bff9-61d748808467', 'Ste. Rose Kinsmen Club', 'Ste. Rose', 'Kinsmen', 'bd0735a1-6700-4e79-ba37-8b38a01a3064', '2e5fbe5f-524f-420b-ac99-b770c3c287e2');
INSERT INTO clubs (id, name, city, club_type, zone_id, district_id) VALUES ('526e4d0c-7cc2-4ba1-9d5d-aee4f844ed9b', 'Swan River Kinsmen Club', 'Swan River', 'Kinsmen', 'bd0735a1-6700-4e79-ba37-8b38a01a3064', '2e5fbe5f-524f-420b-ac99-b770c3c287e2');
